Num_Topics,Coherence_Score
3,0.5196792863845432
4,0.6419474017622301
5,0.5238246352732288
6,0.6224040978709146
